{
    "accuracy": 0.5559876843299303,
    "home_goals_mae": 0.999595046043396,
    "home_goals_rmse": 1.3785916566848755,
    "away_goals_mae": 0.9938587546348572,
    "away_goals_rmse": 1.352921724319458,
    "train_size": 49366,
    "test_size": 12342,
    "feature_importance": {
        "home_avg_goals_scored": 0.018453894183039665,
        "home_avg_goals_conceded": 0.021426228806376457,
        "away_avg_goals_scored": 0.01879613846540451,
        "away_avg_goals_conceded": 0.02357156202197075,
        "home_win_rate": 0.01756754145026207,
        "away_win_rate": 0.017735084518790245,
        "home_draw_rate": 0.017533564940094948,
        "away_draw_rate": 0.017292143777012825,
        "h2h_home_win_rate": 0.022632651031017303,
        "h2h_total_matches": 0.020542394369840622,
        "home_goal_diff_avg": 0.02509411796927452,
        "away_goal_diff_avg": 0.024197278544306755,
        "is_neutral_venue": 0.023554058745503426,
        "is_world_cup": 0.024224430322647095,
        "home_last_match_pts": 0.01914282701909542,
        "away_last_match_pts": 0.02059587836265564,
        "home_form_last_3": 0.016681376844644547,
        "away_form_last_3": 0.01779860071837902,
        "home_elo_score": 0.021236125379800797,
        "away_elo_score": 0.021519523113965988,
        "strength_diff": 0.2543116509914398,
        "home_goal_efficiency": 0.017037851735949516,
        "away_goal_efficiency": 0.01633237674832344,
        "home_points_per_match": 0.02308046631515026,
        "away_points_per_match": 0.02119598351418972,
        "home_adj_goal_efficiency": 0.01811697892844677,
        "away_adj_goal_efficiency": 0.017814956605434418,
        "home_goals_conceded_per_match": 0.021320972591638565,
        "away_goals_conceded_per_match": 0.021528976038098335,
        "home_clean_sheet_ratio": 0.01839924231171608,
        "away_clean_sheet_ratio": 0.017701560631394386,
        "elo_gap": 0.04611491411924362,
        "competitiveness": 0.06329614669084549,
        "defensive_parity": 0.014967616647481918,
        "draw_likelihood": 0.01918475702404976
    }
}